82110039521,P205,Dewi,,
6281285983048,P205,"Serafina Alfa","Blok E/T no.50A, PT Nusa Prima Motor Plaza Ciputat Mas , Jalan Ir Haji Juanda",
081385635856,P205,"Anu Mrs",,
81311807876,P205,Reni,,
81298866297,P205,"Mr. Yudi","Jl. Pahlawan, Anggur 6, Rt.01/09",
081317882704,P205,"Cris Mrs",,
08128008500,P205,"WIDI MR","blok d no 3 , Jalan YRS III, Ozone Residence Pesanggrahan",
08128676222,P205,"RIKA MRS","DKT YAYASAN DARUL IKHLAS, Jalan Melati, MELATI 4 NO.6A",
6287784431945,P205,"Inzalna Balqis","blok B no 1, Taman rempoa indah, Jalan Palm Citra 2",
08988881773,P205,"IWAN MR","BLOK N NO 25, Jalan Palm Citra 3, Taman Rempoa Indah, Rempoa, Ciputat Timur",
1500600,P205,"Ibu. Fitri",,
83171632589,P205,Adi,,
62811334711,P205,"Adissa Andam","blok.C no.18, Jalan malimbu, Malimbu",
6282156422498,P205,"Olivia Bandaso","No. 61, Jalan Bintaro Permai II",
082213024400,P205,"KARTIKA MRS","No. 49, Jalan Mawar II, Gang Sawo, Rempoa",
852143685,P205,Dika,,
8161365572,P205,"Bu. Dewi",,
087886966131,P205,Sugiono,,
82111184440,P205,Susilo,,
0811831852,P205,"DAMA MRS","NO.128 KMR NO.24, Jalan Flamboyan Bawah, RedDoorz @ Rempoa",
88213266293,P205,Ruli,,
81251804041,P205,Giva,,
81211692182,P205,Rizal,,
85685768908,P205,Firman,,
85224221319,P205,Rudi,,
81226163344,P205,Deni,,
81317514882,P205,Aris,,
87875173389,P205,Rizal,,
85890959544,P205,Rahman,,
0217340380,P205,"DEKE MR","Blok D No. 6, Jalan Komp. IKPN, Bintaro, Pesanggrahan, Jaksel",
81283765736,P205,Risad,,
81283755349,P205,Rano,,
6281906155629,P205,Kiki,"blok i/3, Taman Rempoa Indah, Jalan Palm Asri",
818739319,P205,Laurina,,
81211649729,P205,Agus,,
62817874606,P205,"Tjut Imani ","15412 Jalan Kepodang Raya blok.L2 no.10 blok.L2 no.10",
