0885259636,P205,Risa,,
81340364400,P205,Sellin,,
83895363335,P205,"Mr, Lius",,
813325668557,P205,"Mr. Lius",,
81313529199,P205,Juan,,
08151617551,P205,"ELEN MRS"," NO 2, Jalan Bintaro Mulia I, VETERAN",
628179989601,P205,"Udho Udho","NO. 201, Pertigaan,paher hitam Bata merah, Jalan Teratai Putih",
81284649044,P205,Nuni,,
082260497919,P205,"LARAS MRS","No.12B, Jalan Garuda III, Kel.Rempoa",
6281317031319,P205,"Ahmad Triyono","NO. 17, Depan masjid al barkah, Jalan Haji Salim",
81298860901,P205,Tukimin,,
8982297631,P205,Rudi,,
8561180008,P205,"Bu Niken",,
81905509286,P205,Yogo,,
6287824370295,P205,"Aloysius Herbanu Prastow","no 68, Jalan Kepodang, komplek unilever rempoa ciputat timur",
8219771739,P205,Mansyur,,
85310827748,P205,Irfan,"Jl Mawar 2 Gg Buntu",
87881253581,P205,Apriliana,,
82213124659,P205,Sheriy,,
81398878494,P205,Eko,,
02173885907,P205,"NANDIA MRS","BLOK G NO 3, Jalan Narmada 2, PERUM BUKIT MAS",
8523698547,P205,Sinta,,
866868535,P205,Tisa,,
8129862518,P205,Hany,,
8123355665,P205,Rianto,,
6285774126718,P205,"fauziyah noorhanifah","4, Jalan Karyawan I",
81319655581,P205,Pratiwi,,
89607652216,P205,Arlan,,
628561043714,P205,"Annisa Harikin","H7, Jalan Kesatriaan",
81315370943,P205,Anto,,N/A
82113618599,P205,"Sri R",,
087885072575,P205,"MAYU MRS","BLOK C2 NO 5, Jalan Garuda IV, BINTARO JAYA SEK 1",
82261182991,P205,Andik,,
81287853743,P205,Arum,,
81386615108,P205,Lina,,
0986565555,P205,Aira,,
86565686565,P205,Ery,,
1286558686,P205,Mrs,,
6281908282422,P205,"Mark Zakharias "," Jalan Kutilang II Blok M3 No 21 Blok M3 No 21",
8557209625,P205,M.alvin,,
8981004714,P205,Ribka,,
86865673568,P205,Amira,,
6281919230600,P205,"Adiputra Suryadinata","No. 1B, Bintaro Pesanggrahan, Jalan IKPN Bintaro",
868573825675,P205,Febry,,
5,P205,Febry,,
8585282438,P205,Rayan,,
87700867115,P205,Anto,,
854112276566,P205,Raza,,
86557356835,P205,Rahmat,,
