85718114545,P204,Eka,,
81317306760,P204,Umiyati,,
85717871437,P204,Adi,,
082213677970,P204,Devi,,
082112055580,P204,"SURYATI MS","Blok LE No. 06 , Jalan Wibisana I, Perumnas Bumi Teluk Jambe ",
85778288723,P204,Anita,"SMA IT HARAPAN UMAT (Pakuncen)  kelas XI IPS 1",
6281222204964,P204,Citra,,
087858025366,P204,Soni,,
081318105158,P204,Vera,,
081387119999,P204,"SAIFUDIN MR ","BLOK VITORIAN NO.17, Jalan Galuh Mas Raya,  Sukaharja, Telukjambe Timur",
081314146002,P204,Rina,,
8528497702,P204,Frank,,
081383377889,P204,Fani,,
081287482679,P204,Isman,,
081585425872,P204,Ahmed,,
087781906714,P204,Supriadi,,
081809398983,P204,Nova,,
081290060537,P204,Heri,,
082258615303,P204,Bowo,,
6281233066426,P204,"Frank Michelsen","41361 Jalan Galuh Mas Raya  1",
085817905800,P204,Ira,,
089672980448,P204,Reksa,"Jl Banowati Blok I",
085776560808,P204,Beni,,
081325187979,P204,Fauzi,,
08121299978,P204,"RATNA MRS","Blok A No. 16, Jalan Raya Perumnas, Perumnas Bumi Teluk Jambe",
085959645086,P204,"VIRA ","BLOK G NO.17., Jalan HS.Ronggo Waluyo,  PERUM PEPABRI",
083127580060,P204,Shelli,,
0811182898,P204,Didi,,
08128889912,P204,Fani,,
08111244096,P204,Daru,,
082114736878,P204,Prasetyo,,
083816920385,P204,Edu,,
081381550963,P204,Fitri,,
6281807810718,P204,Andreas,,
85215731569,P204,Lulu,,
085697637181,P204,Adi,,
082214774699,P204,Denu,,
6287825666257,P204,"Hedi Yanuardi","41361 Jalan Arteri Galuh MAS No. 32 G09",
6282124406934,P204,Diah,"41361 Jalan Baladewa  MM 17",
087780522524,P204,Nada,,
081218169964,P204,Amir,,
0812847329,P204,Nalen,,
082111261722,P204,Raska,,
081230399612,P204,Sohib,,
081319551577,P204,Deni,,
082283303070,P204,Sidiq,,
082210348316,P204,"GINTA "," BLOK A7 NO 8, Jalan Puri Teluk Jambe, PERUM DINAS PERURI/PRD",
083815598094,P204,Devi,,
082210842095,P204,Maliq,,
081383433174,P204,Inardi,,
085921834446,P204,Vina,,
081399113452,P204,Indra,,
081284255215,P204,Mira,,
085771184489,P204,Irma,,
