81298429501,P204,Susilo,,
8564333201,P204,Yanuar,,
081286286432,P204,"DIAN FATMAWATI MRS","RT 01/01 NO 7 RMH PINK PAGAR PUTIH, Jalan Brigpol Sukarna, DKT Alun-Alun Karawang, Nagasari",
08987200414,P204,Puput,,
082122376719,P204,Ani,,
8811900458,P204,Amanda,,
082311745586,P204,Fitri,,
081388505557,P204,"tini mrs","blok c2 no.13 , Jalan Mutiara Raya, perum pemda jalan mutiara ii",
6289633393525,P204,"Aryani Sri","No 44 rg diklat 1 , RS Bayukarta, Jalan Kertabumi",
6281293512352,P204,"Hamidah Aprilia",,
085693639335,P204,Dini,,
085692982620,P204,Sakti,,
81218684405,P204,Tomy,,
0267408287,P204,"MERINA MRS","JL TUPAREV NO 27 , Jalan Tuparev, BRI CABANG KARAWANG LT 2 BAG OPERASIONAL ",
628991643726,P204,"Iswahyuni ",,
6281222204964,P204,Citra,,
81283678529,P204,Hilda,,
81399392610,P204,Ogi,,
81292623172,P204,Iswahyuni,"Kantor BPJS, Jalan Ahmad Yani",
87877688411,P204,Dedi,,
82141580288,P204,Adi,,
82122510703,P204,Jejen,,
89610422372,P204,Ratu,,
81247867230,P204,"Ibu Ui",,
6281802272270,P204,Yudianto,,
89626290696,P204,Asep,,
8121299978,P204,Tina,,
6282123724499,P204,Ifan,,
6281338672727,P204,Arisa,,
85794946000,P204,Asep,,
89224151776,P204,Rian,,
2678407682,P204,Agus,"Oppo Sc Karawang",
081290946573,P204,"lena mrs","blok.pesona mediterania kav.10, Jalan Galuh Mas Raya, Galuh Mas Karawang",
89624840473,P204,Bunga,,
85624590124,P204,Weli,,
81317144252,P204,Rizki,,
81315536372,P204,Ika,,
81395020833,P204,Faris,,
85218518358,P204,Ciko,,
82167480524,P204,Desi,,
6285693807810,P204,Yusuf,"3, perumnas bumi teluk jambe, Jalan Banowati VII",
6281286507310,P204,tiara,"41361 Jalan Sukawargi  165",
85930175158,P204,Arin,,
85716934607,P204,Fahrul,,
6281289661241,P204,dede,"no 7, masuk dr gg alfimidi, Jalan Paledang Tengah",
83815281430,P204,Felisa,,
85351544213,P204,Safa'at,,
85216956868,P204,Wina,,
81260866901,P204,Ami,,
85771647092,P204,Liana,,
